<?xml version="1.0" encoding="UTF-8" standalone="yes"?>
<addon id="plugin.program.addon_aktivator"
       name="[COLOR blue]Kodi 17,18 Addon Aktivator[/COLOR]"
	   version="1.0.3"
	   provider-name="Loki1979 | HSK-DE">
    <requires>
		<import addon="xbmc.python" version="2.1.0"/>
	</requires>
	<extension point="xbmc.python.pluginsource" library="aktivator.py">
		<provides>executable</provides>
	</extension>
	<extension point="xbmc.addon.metadata">
		<platform>all</platform>
		<summary>Kodi 17,18 Addon Aktivator</summary>
    <description>Hardware - Software - Kodi - DE :
https://www.facebook.com/groups/hskde/</description>
    </extension>
</addon>