<?xml version="1.0" encoding="UTF-8"?>
<addon id="plugin.video.dmax_de" name="DMAX.de" version="1.1.24" provider-name="L0RE">
    <requires>
        <import addon="xbmc.python" version="2.1.0"/>
        <import addon="script.module.pyamf" version="0.6.1"/>
    </requires>
    <extension point="xbmc.python.pluginsource" library="default.py">
        <provides>video</provides>
    </extension>
    <extension point="xbmc.addon.metadata">
        <platform>all</platform>
        <summary lang="en">DMAX-Videotheke</summary>
        <language></language>
        <description lang="en">DMAX-Videotheke</description>
        <license>GNU GENERAL PUBLIC LICENSE. Version 2, June 1991</license>
        <source>https://github.com/kodinerds/repo/tree/master/addons/plugin.video.dmax_de</source>
        <forum>http://forum.xbmc.org/showthread.php?tid=132563</forum>
        <email>andreas at vogler dot name</email>
        <website>http://www.dmax.de/videos</website>
    </extension>
</addon>
