<?xml version="1.0" encoding="UTF-8"?>
<window>
    <!-- addonbrowser -->
    <backgroundcolor>Background</backgroundcolor>
    <menucontrol>9000</menucontrol>
    <defaultcontrol always="true">50</defaultcontrol>
    <views>50,550,500,59,552</views>

    <controls>
        <!-- Background -->
        <include>Furniture_Background</include>
        <include>Furniture_TopBar</include>
        <include>Furniture_RSS</include>

        <!-- Main group -->
        <control type="group">
            <include>Defs_ViewBackground</include>
            <include content="Object_Headline">
                <param name="label" value="$INFO[Control.GetLabel(3),,  ]$INFO[Control.GetLabel(4),,  ]" />
            </include>
            <include condition="!Skin.HasSetting(SkinHelper.View.Disabled.550)">Viewtype_List</include>
            <include>Viewtype_SquareList</include>
            <include>Viewtype_PlainList</include>
            <include condition="!Skin.HasSetting(SkinHelper.View.Disabled.500)">Viewtype_Icon</include>
            <include condition="!Skin.HasSetting(SkinHelper.View.Disabled.59)">Viewtype_IconExtra</include>
        </control>

        <!-- Menu -->
        <control type="group">
            <visible allowhiddenfocus="true">ControlGroup(9000).HasFocus()</visible>
            <include>Dialog_Top</include>
            <include>Dialog_Background</include>
            <include content="Dialog_Top_IconHeader">
                <param name="label" value="$LOCALIZE[31068]" />
                <param name="icon" value="special://skin/extras/icons/settings.png" />
            </include>
            <include content="Dialog_Top_Arrows">
                <param name="id" value="9000" />
            </include>

            <control type="grouplist" id="9000">
                <include>Dialog_Top_GroupList</include>
                <defaultcontrol always="true">3</defaultcontrol>
                <include>Object_BasicViewList</include>
                <!-- Auto Update -->
                <control type="button" id="5">
                    <label>5</label>
                    <include>Defs_OptionButton2</include>
                    <visible>Control.IsEnabled(5)</visible>
                </control>
                <!-- Notifications -->
                <control type="radiobutton" id="6">
                    <label>25000</label>
                    <include>Defs_OptionButton2</include>
                    <visible>Control.IsEnabled(6)</visible>
                </control>
                <!-- Language Filter -->
                <control type="radiobutton" id="7">
                    <label>25001</label>
                    <include>Defs_OptionButton2</include>
                    <visible>Control.IsEnabled(7)</visible>
                </control>
                <!-- Hide Broken -->
                <control type="radiobutton" id="8">
                    <include>Defs_OptionButton2</include>
                    <visible>Control.IsEnabled(8)</visible>
                </control>
                <!-- Check Updates -->
                <control type="button" id="9">
                    <label>24055</label>
                    <include>Defs_OptionButton2</include>
                    <visible>Control.IsEnabled(9)</visible>
                </control>
            </control>

        </control>

        <include>Furniture_OverlayInfo</include>

    </controls>

</window>