<?xml version="1.0" encoding="UTF-8"?>
<includes>

    <constant name="pad">10</constant>
    <constant name="bigpad">20</constant>
    <constant name="top">260</constant>
    <constant name="dialogtop">210</constant>
    <constant name="height">760</constant>
    <constant name="posterh">720</constant>
    <constant name="posterw">480</constant>
    <constant name="toppanel">184</constant>

    <constant name="favitemw">1256</constant>
    <constant name="favdialogw">1748</constant>

    <constant name="sidepad">0</constant>
    <constant name="hubitemw">580</constant>
    <constant name="headlinew">1880</constant>
    <constant name="totalpanelw">1920</constant>
    <constant name="totalradioposx">1830</constant>
    <constant name="listlinew">1400</constant>
    <constant name="listw">1380</constant>
    <constant name="listinfow">1140</constant>
    <constant name="listmediainfow">850</constant>
    <constant name="iconpadw">13</constant>
    <constant name="iconpanelpadw">21</constant>
    <constant name="iconitemw">262</constant>
    <constant name="icongenreitemw">458.5</constant>
    <constant name="iconextrapadw">17.8</constant>
    <constant name="iconextrapanelpadw">25.8</constant>
    <constant name="iconextraitemw">271.6</constant>
    <constant name="iconwidepadw">21</constant>
    <constant name="iconwidepanelpadw">31</constant>
    <constant name="iconwideitemw">606</constant>
    <constant name="iconlistwideitemw">1900</constant>
    <constant name="settingsitemw">380</constant>
    <constant name="settingsradioposx">1348</constant>
    <constant name="settingswideradioposx">1788</constant>
    <constant name="settingshalfw">930</constant>
    <constant name="settingscategoryw">352</constant>
    <constant name="bigiconw">345</constant>
    <constant name="bigiconh">472.5</constant>
    <constant name="bigiconpanelpadw">140</constant>
    <constant name="galleryitempadw">65</constant>
    <constant name="galleryitemw">140</constant>
    <constant name="gallerypanelpadw">-150</constant>
    <constant name="musicosdbuttonpad">144</constant>

</includes>