<?xml version="1.0" encoding="utf-8"?>
<fonts>

    <fontset id="Default">

        <!-- Fonts from Eminence -->
        <font>
            <name>Font-Header</name>
            <filename>Roboto-Black.ttf</filename>
            <size>75</size>
        </font>
        <font>
            <name>Font-Sublabel</name>
            <filename>Roboto-Bold.ttf</filename>
            <size>32</size>
        </font>
        <font>
            <name>Font-HomeMenu</name>
            <filename>Roboto-Regular.ttf</filename>
            <size>28</size>
        </font>
        <font>
            <name>Font-Button</name>
            <filename>Roboto-Bold.ttf</filename>
            <size>32</size>
        </font>
        <font>
            <name>Font-Button-Black</name>
            <filename>Roboto-Black.ttf</filename>
            <size>32</size>
        </font>
        <font>
            <name>Font-ListInfo-Bold</name>
            <filename>Roboto-Bold.ttf</filename>
            <size>30</size>
            <linespacing>1.08</linespacing>
        </font>
        <font>
            <name>Font-ListInfo</name>
            <filename>Roboto-Regular.ttf</filename>
            <size>30</size>
            <linespacing>1.08</linespacing>
        </font>
        <font>
            <name>Font-ListInfo-Big</name>
            <filename>Roboto-Regular.ttf</filename>
            <size>38</size>
            <linespacing>1.08</linespacing>
        </font>
        <font>
            <name>Font-ListInfo-Small</name>
            <filename>Roboto-Regular.ttf</filename>
            <size>27</size>
        </font>
        <font>
            <name>Font-LineLabel</name>
            <filename>Roboto-Bold.ttf</filename>
            <size>18</size>
            <style>uppercase</style>
        </font>
        <font>
            <name>Font-RSS</name>
            <filename>Roboto-Regular.ttf</filename>
            <size>24</size>
        </font>
        <font>
            <name>Font-ListInfo-Small-Bold</name>
            <filename>Roboto-Bold.ttf</filename>
            <size>27</size>
        </font>
        <font>
            <name>Font-OSD</name>
            <filename>Roboto-Regular.ttf</filename>
            <size>25</size>
            <aspect>0.9</aspect>
        </font>
        <font>
            <name>Font-InfoBox-Title</name>
            <filename>Roboto-Black.ttf</filename>
            <size>36</size>
        </font>
        <font>
            <name>Font-WidgetInfoTitle</name>
            <filename>Roboto-Black.ttf</filename>
            <size>48</size>
        </font>

        <font>
            <name>Font-LoginLabel</name>
            <style>uppercase</style>
            <filename>Roboto-Black.ttf</filename>
            <size>36</size>
        </font>

        <font>
            <name>Font-MusicVis-Title</name>
            <filename>Roboto-Black.ttf</filename>
            <size>64</size>
        </font>
        <font>
            <name>Font-MusicVis-Info</name>
            <filename>Roboto-Bold.ttf</filename>
            <size>42</size>
        </font>


        <!-- Required for system -->
        <font>
            <name>font13</name>
            <filename>Arial.ttf</filename>
            <size>21</size>
        </font>

    </fontset>

</fonts>