<?xml version="1.0" encoding="UTF-8"?>
<includes>

    <variable name="Image_Poster">
        <value condition="[Window.IsVisible(script-script.extendedinfo-DialogVideoInfo.xml) | Window.IsVisible(script-script.extendedinfo-DialogInfo.xml)] + Control.IsVisible(150) + !String.IsEmpty(Container(150).ListItem.Icon)">$INFO[Container(150).ListItem.Icon]</value>
        <value condition="[Window.IsVisible(script-script.extendedinfo-DialogVideoInfo.xml) | Window.IsVisible(script-script.extendedinfo-DialogInfo.xml)] + Control.IsVisible(250) + !String.IsEmpty(Container(250).ListItem.Icon)">$INFO[Container(250).ListItem.Icon]</value>
        <value condition="[Window.IsVisible(script-script.extendedinfo-DialogVideoInfo.xml) | Window.IsVisible(script-script.extendedinfo-DialogInfo.xml)] + Control.IsVisible(350) + !String.IsEmpty(Container(350).ListItem.Icon)">$INFO[Container(350).ListItem.Icon]</value>
        <value condition="[Window.IsVisible(script-script.extendedinfo-DialogVideoInfo.xml) | Window.IsVisible(script-script.extendedinfo-DialogInfo.xml)] + Control.IsVisible(450) + !String.IsEmpty(Container(450).ListItem.Icon)">$INFO[Container(450).ListItem.Icon]</value>
        <value condition="[Window.IsVisible(script-script.extendedinfo-DialogVideoInfo.xml) | Window.IsVisible(script-script.extendedinfo-DialogInfo.xml)] + Control.IsVisible(550) + !String.IsEmpty(Container(550).ListItem.Icon)">$INFO[Container(550).ListItem.Icon]</value>
        <value condition="[Window.IsVisible(script-script.extendedinfo-DialogVideoInfo.xml) | Window.IsVisible(script-script.extendedinfo-DialogInfo.xml)] + Control.IsVisible(650) + !String.IsEmpty(Container(650).ListItem.Icon)">$INFO[Container(650).ListItem.Icon]</value>
        <value condition="[Window.IsVisible(script-script.extendedinfo-DialogVideoInfo.xml) | Window.IsVisible(script-script.extendedinfo-DialogInfo.xml)] + Control.IsVisible(750) + !String.IsEmpty(Container(750).ListItem.Icon)">$INFO[Container(750).ListItem.Icon]</value>
        <value condition="[Window.IsVisible(script-script.extendedinfo-DialogVideoInfo.xml) | Window.IsVisible(script-script.extendedinfo-DialogInfo.xml)] + Control.IsVisible(850) + !String.IsEmpty(Container(850).ListItem.Icon)">$INFO[Container(850).ListItem.Icon]</value>
        <value condition="[Window.IsVisible(script-script.extendedinfo-DialogVideoInfo.xml) | Window.IsVisible(script-script.extendedinfo-DialogInfo.xml)] + Control.IsVisible(950) + !String.IsEmpty(Container(950).ListItem.Icon)">$INFO[Container(950).ListItem.Icon]</value>
        <value condition="[Window.IsVisible(script-script.extendedinfo-DialogVideoInfo.xml) | Window.IsVisible(script-script.extendedinfo-DialogInfo.xml)] + Control.IsVisible(1000) + !String.IsEmpty(Container(1000).ListItem.Icon)">$INFO[Container(1000).ListItem.Icon]</value>
        <!-- <value condition="[Window.IsVisible(script-script.extendedinfo-DialogVideoInfo.xml) | Window.IsVisible(script-script.extendedinfo-DialogInfo.xml)] + Control.IsVisible(1050) + !String.IsEmpty(Container(1050).ListItem.Icon)">$INFO[Container(1050).ListItem.Icon]</value> -->
        <value condition="[Window.IsVisible(script-script.extendedinfo-DialogVideoInfo.xml) | Window.IsVisible(script-script.extendedinfo-DialogInfo.xml)] + Control.IsVisible(1150) + !String.IsEmpty(Container(1150).ListItem.Icon)">$INFO[Container(1150).ListItem.Icon]</value>
        <value condition="[Window.IsVisible(script-script.extendedinfo-DialogVideoInfo.xml) | Window.IsVisible(script-script.extendedinfo-DialogInfo.xml)] + Control.IsVisible(1250) + !String.IsEmpty(Container(1250).ListItem.Icon)">$INFO[Container(1250).ListItem.Icon]</value>
        <value condition="[Window.IsVisible(script-script.extendedinfo-DialogVideoInfo.xml) | Window.IsVisible(script-script.extendedinfo-DialogInfo.xml)] + Control.IsVisible(1350) + !String.IsEmpty(Container(1350).ListItem.Icon)">$INFO[Container(1350).ListItem.Icon]</value>
        <value condition="[Window.IsVisible(script-script.extendedinfo-DialogVideoInfo.xml) | Window.IsVisible(script-script.extendedinfo-DialogInfo.xml)] + Control.IsVisible(1450) + !String.IsEmpty(Container(1450).ListItem.Icon)">$INFO[Container(1450).ListItem.Icon]</value>
        <value condition="[Window.IsVisible(script-script.extendedinfo-DialogVideoInfo.xml) | Window.IsVisible(script-script.extendedinfo-DialogInfo.xml)] + !String.IsEmpty(Window.Property(thumb))">$INFO[Window.Property(thumb)]</value>
        <value condition="[Window.IsVisible(script-script.extendedinfo-DialogVideoInfo.xml) | Window.IsVisible(script-script.extendedinfo-DialogInfo.xml)] + !String.IsEmpty(Window.Property(actor.thumb))">$INFO[Window.Property(actor.thumb)]</value>
        <value condition="[Window.IsVisible(script-script.extendedinfo-DialogVideoInfo.xml) | Window.IsVisible(script-script.extendedinfo-DialogInfo.xml)] + !String.IsEmpty(Window.Property(movie.thumb))">$INFO[Window.Property(movie.thumb)]</value>
        <value condition="Window.IsVisible(DialogVideoInfo.xml) + !String.IsEmpty(Window.Property(list)) + !Container(9500).IsUpdating">$INFO[Container(9500).ListItem.Icon]</value>
        <value condition="Window.IsVisible(DialogVideoInfo.xml) + String.IsEqual(Control.GetLabel(5),$LOCALIZE[207])">$INFO[Container(50).ListItem.Icon]</value>
        <value condition="Window.IsVisible(MyVideoNav.xml) + Container.Content(genres) + System.HasAddon(resource.images.moviegenreicons.transparent)">$INFO[ListItem.Label,resource://resource.images.moviegenreicons.transparent/,.png]</value>
        <value condition="!String.IsEmpty(ListItem.Art(poster))">$INFO[ListItem.Art(poster)]</value>
        <value condition="!String.IsEmpty(ListItem.Art(tvshow.poster))">$INFO[ListItem.Art(tvshow.poster)]</value>
        <value>$INFO[ListItem.Icon]</value>
    </variable>

    <variable name="Image_Thumb">
        <value condition="[Container.Content(episodes) | Window.IsVisible(MyPics.xml) | Container.Content(videos)] + !String.IsEmpty(ListItem.Art(thumb))">$INFO[ListItem.Art(thumb)]</value>
        <value condition="!String.IsEmpty(ListItem.Art(fanart))">$INFO[ListItem.Art(fanart)]</value>
        <value condition="!String.IsEmpty(Window(home).Property(SkinHelper.ListItem.Art.FanArt)) + !Control.IsVisible(58) + !Control.IsVisible(553) + !Control.IsVisible(56)">$INFO[Window(home).Property(SkinHelper.ListItem.Art.FanArt)]</value>
        <value>$INFO[ListItem.Icon]</value>
    </variable>

    <variable name="Image_PVRThumb">
        <value condition="!String.IsEmpty(Window(Home).Property(SkinHelper.ListItem.Art.FanArt))">$INFO[Window(Home).Property(SkinHelper.ListItem.Art.FanArt)]</value>
        <value>special://skin/extras/backgrounds/home.jpg</value>
    </variable>

    <variable name="Image_Icon">
        <value condition="Container.Content(genres)">http://localhost:52307/getvarimage&amp;title=$INFO{Skin.String(genre.icons.path)}$INFO[ListItem.Label,,.jpg]&amp;fallback=$INFO[ListItem.Icon]</value>
        <value>$INFO[ListItem.Icon]</value>
    </variable>

    <variable name="Image_OSDMusicFlagstar5">
        <value condition="String.IsEqual(Player.StarRating,rating5.png)">star10</value>
        <value>star0</value>
    </variable>
    <variable name="Image_OSDMusicFlagstar4">
        <value condition="String.IsEqual(Player.StarRating,rating5.png)">star10</value>
        <value condition="String.IsEqual(Player.StarRating,rating4.png)">star10</value>
        <value>star0</value>
    </variable>
    <variable name="Image_OSDMusicFlagstar3">
        <value condition="String.IsEqual(Player.StarRating,rating5.png)">star10</value>
        <value condition="String.IsEqual(Player.StarRating,rating4.png)">star10</value>
        <value condition="String.IsEqual(Player.StarRating,rating3.png)">star10</value>
        <value>star0</value>
    </variable>
    <variable name="Image_OSDMusicFlagstar2">
        <value condition="String.IsEqual(Player.StarRating,rating5.png)">star10</value>
        <value condition="String.IsEqual(Player.StarRating,rating4.png)">star10</value>
        <value condition="String.IsEqual(Player.StarRating,rating3.png)">star10</value>
        <value condition="String.IsEqual(Player.StarRating,rating2.png)">star10</value>
        <value>star0</value>
    </variable>
    <variable name="Image_OSDMusicFlagstar1">
        <value condition="String.IsEqual(Player.StarRating,rating5.png)">star10</value>
        <value condition="String.IsEqual(Player.StarRating,rating4.png)">star10</value>
        <value condition="String.IsEqual(Player.StarRating,rating3.png)">star10</value>
        <value condition="String.IsEqual(Player.StarRating,rating2.png)">star10</value>
        <value condition="String.IsEqual(Player.StarRating,rating1.png)">star10</value>
        <value>star0</value>
    </variable>


    <variable name="Image_UserRatingStar5">
        <value condition="Integer.IsGreater(ListItem.UserRating,9)">star10</value>
        <value condition="Integer.IsGreater(ListItem.UserRating,8)">star5</value>
        <value>star0</value>
    </variable>
    <variable name="Image_UserRatingStar4">
        <value condition="Integer.IsGreater(ListItem.UserRating,7)">star10</value>
        <value condition="Integer.IsGreater(ListItem.UserRating,6)">star5</value>
        <value>star0</value>
    </variable>
    <variable name="Image_UserRatingStar3">
        <value condition="Integer.IsGreater(ListItem.UserRating,5)">star10</value>
        <value condition="Integer.IsGreater(ListItem.UserRating,4)">star5</value>
        <value>star0</value>
    </variable>
    <variable name="Image_UserRatingStar2">
        <value condition="Integer.IsGreater(ListItem.UserRating,3)">star10</value>
        <value condition="Integer.IsGreater(ListItem.UserRating,2)">star5</value>
        <value>star0</value>
    </variable>
    <variable name="Image_UserRatingStar1">
        <value condition="Integer.IsGreater(ListItem.UserRating,1)">star10</value>
        <value condition="Integer.IsGreater(ListItem.UserRating,0)">star5</value>
        <value>star0</value>
    </variable>

    <variable name="Image_Fanart">
        <value condition="!String.IsEmpty(ListItem.Art(fanart))">$INFO[ListItem.Art(fanart)]</value>
    </variable>

    <variable name="Image_HubFanart">
        <value condition="!String.IsEmpty(ListItem.Art(fanart))">$INFO[ListItem.Art(fanart)]</value>
        <value condition="!String.IsEmpty(ListItem.Art(thumb))">$INFO[ListItem.Art(thumb)]</value>
    </variable>



    <variable name="Image_Banner">
        <value condition="!String.IsEmpty(ListItem.Art(banner))">$INFO[ListItem.Art(banner)]</value>
        <value condition="!String.IsEmpty(ListItem.Art(tvshow.banner))">$INFO[ListItem.Art(tvshow.banner)]</value>
        <value>$VAR[Image_Fanart]</value>
    </variable>


    <variable name="Image_RSS_Icon">
        <value condition="Player.HasMedia + Player.Paused">common/pause.png</value>
        <value condition="Player.HasMedia + !Player.Paused">common/play.png</value>
        <value condition="!String.IsEmpty(Window(Home).Property(NextAired.NextDate))">common/nextaired.png</value>
        <value condition="String.IsEmpty(Window(Home).Property(NextAired.NextDate)) + !String.IsEmpty(Window(Home).Property(NextAired.LatestTitle))">common/nextaired.png</value>
    </variable>

    <variable name="Image_Background">
        <value condition="Window.IsVisible(LoginScreen.xml)">special://skin/extras/backgrounds/login.jpg</value>
        <value condition="Window.IsVisible(script-script.extendedinfo-VideoList.xml)">$INFO[Container(500).ListItem.Property(Fanart_small)]</value>
        <value condition="Window.IsVisible(script-script.extendedinfo-DialogVideoInfo.xml) + !String.IsEmpty(Window(home).Property(ExtendedInfo_fanart))">$INFO[Window(home).Property(ExtendedInfo_fanart)]</value>
        <value condition="Window.IsVisible(script-script.extendedinfo-DialogVideoInfo.xml) | Window.IsVisible(script-script.extendedinfo-DialogInfo.xml)">special://skin/extras/backgrounds/actor.jpg</value>
        <value condition="Window.IsVisible(weather) + System.HasAddon(resource.images.weatherfanart.multi)">$INFO[Window(Weather).Property(Current.FanartCode),resource://resource.images.weatherfanart.multi/,]/</value>
        <value condition="Window.IsVisible(home) + [String.IsEqual(Container(9000).ListItem.Property(widget),Weather) | [String.IsEmpty(Container(9000).ListItem.Property(widget)) + [String.IsEqual(Skin.String(home.fallbackwidget),Weather) | String.IsEqual(Skin.String(home.fallbackwidget.node),Weather)]]] + System.HasAddon(resource.images.weatherfanart.multi)">$INFO[Container(9001).ListItem.FileNameAndPath]</value>
        <value condition="Window.IsVisible(home) + String.IsEqual(Container(9000).ListItem.Property(widgetTarget),pictures) + !String.IsEmpty(Container(9001).ListItem.Icon)">$INFO[Container(9001).ListItem.FileNameAndPath]</value>
        <value condition="Window.IsVisible(home) + !String.IsEmpty(Container(9001).ListItem.Art(fanart))">$INFO[Container(9001).ListItem.Art(fanart)]</value>
        <value condition="Window.IsVisible(home) + String.IsEqual(Container(9000).ListItem.Property(background),playlistBackground)">$INFO[Container(9988).ListItem.Art(fanart)]</value>
        <value condition="Window.IsVisible(home) + !String.IsEmpty(Container(9000).ListItem.Property(Background))">$INFO[Container(9000).ListItem.Property(Background)]</value>
        <value condition="Window.IsVisible(home) + Integer.IsGreater(Container(9000).NumItems,0) + String.IsEqual(Skin.String(home.fallbackwidget.target),pictures) + !String.IsEmpty(Container(9001).ListItem.Icon) + String.IsEmpty(Container(9000).ListItem.Property(widget))">$INFO[Container(9001).ListItem.FileNameAndPath]</value>
        <value condition="Window.IsVisible(home) + String.IsEmpty(Skin.String(background.fallback))">special://skin/extras/backgrounds/home.jpg</value>
        <value condition="Window.IsVisible(home) + !String.IsEmpty(Skin.String(background.fallback))">$INFO[Skin.String(background.fallback)]</value>

        <value condition="Skin.HasSetting(background.hidefanart) + String.IsEmpty(Skin.String(background.fallback))">common/black.png</value>
        <value condition="Skin.HasSetting(background.hidefanart) + !String.IsEmpty(Skin.String(background.fallback))">$INFO[Skin.String(background.fallback)]</value>
        <value  condition="!String.IsEmpty(Window(home).Property(SkinHelper.ListItem.Art.ExtraFanArt)) + Skin.HasSetting(SkinHelper.EnableExtraFanart)">$INFO[Window(home).Property(SkinHelper.ListItem.Art.ExtraFanArt)]</value>
        <value condition="!String.IsEmpty(Container(9500).ListItem.Art(fanart)) + !Skin.HasSetting(global.fanart)">$INFO[Container(9500).ListItem.Art(fanart)]</value>
        <value condition="!String.IsEmpty(ListItem.Art(fanart)) + !Skin.HasSetting(global.fanart)">$INFO[ListItem.Art(fanart)]</value>
        <value condition="!String.IsEmpty(Window(home).Property(SkinHelper.ListItem.Art.FanArt)) + !Skin.HasSetting(global.fanart)">$INFO[Window(home).Property(SkinHelper.ListItem.Art.FanArt)]</value>

        <value condition="Window.IsVisible(SettingsCategory.xml) | Window.IsVisible(SkinSettings.xml) | Window.IsVisible(SettingsSystemInfo.xml) | Window.IsVisible(AddonBrowser.xml) | Window.IsVisible(SettingsProfile.xml)">special://skin/extras/backgrounds/settings.jpg</value>

        <value condition="!String.IsEmpty(Skin.String(background.fallback))">$INFO[Skin.String(background.fallback)]</value>
        <value>common/black.png</value>
    </variable>

    <variable name="Image_Indicator">
        <value condition="ListItem.IsRecording">indicator/record.png</value>
        <value condition="ListItem.IsPlaying">indicator/play.png</value>
        <value condition="ListItem.IsResumable">indicator/inprogress.png</value>
        <value condition="ListItem.IsCollection">indicator/set.png</value>
        <value condition="ListItem.IsFolder + String.String.IsEmpty(Listitem.dbtype) + !String.IsEqual(ListItem.Overlay,OverlayWatched.png) + !ListItem.IsParentFolder">indicator/folder.png</value>
        <value condition="String.IsEqual(ListItem.Overlay,OverlayWatched.png)">indicator/checkmark.png</value>
        <value condition="[String.Contains(ListItem.Overlay,OverlayUnwatched.png) + [[Container.Content(movies) + [String.IsEqual(Window(Home).Property(LatestMovie.1.Title),ListItem.Label) | String.IsEqual(Window(Home).Property(LatestMovie.2.Title),ListItem.Label) | String.IsEqual(Window(Home).Property(LatestMovie.3.Title),ListItem.Label) | String.IsEqual(Window(Home).Property(LatestMovie.4.Title),ListItem.Label) | String.IsEqual(Window(Home).Property(LatestMovie.5.Title),ListItem.Label) | String.IsEqual(Window(Home).Property(LatestMovie.6.Title),ListItem.Label) | String.IsEqual(Window(Home).Property(LatestMovie.7.Title),ListItem.Label) | String.IsEqual(Window(Home).Property(LatestMovie.8.Title),ListItem.Label) | String.IsEqual(Window(Home).Property(LatestMovie.9.Title),ListItem.Label) | String.IsEqual(Window(Home).Property(LatestMovie.10.Title),ListItem.Label)]] | [[Container.Content(tvshows)] + [String.IsEqual(Window(Home).Property(LatestEpisode.1.ShowTitle),ListItem.TvShowTitle) | String.IsEqual(Window(Home).Property(LatestEpisode.2.ShowTitle),ListItem.TvShowTitle) | String.IsEqual(Window(Home).Property(LatestEpisode.3.ShowTitle),ListItem.TvShowTitle) | String.IsEqual(Window(Home).Property(LatestEpisode.4.ShowTitle),ListItem.TvShowTitle) | String.IsEqual(Window(Home).Property(LatestEpisode.5.ShowTitle),ListItem.TvShowTitle) | String.IsEqual(Window(Home).Property(LatestEpisode.6.ShowTitle),ListItem.TvShowTitle) | String.IsEqual(Window(Home).Property(LatestEpisode.7.ShowTitle),ListItem.TvShowTitle) | String.IsEqual(Window(Home).Property(LatestEpisode.8.ShowTitle),ListItem.TvShowTitle) | String.IsEqual(Window(Home).Property(LatestEpisode.9.ShowTitle),ListItem.TvShowTitle) | String.IsEqual(Window(Home).Property(LatestEpisode.10.ShowTitle),ListItem.TvShowTitle)]] | [Container.Content(episodes) + [String.IsEqual(Window(Home).Property(LatestEpisode.1.EpisodeTitle),ListItem.Title) | String.IsEqual(Window(Home).Property(LatestEpisode.2.EpisodeTitle),ListItem.Title) | String.IsEqual(Window(Home).Property(LatestEpisode.3.EpisodeTitle),ListItem.Title) | String.IsEqual(Window(Home).Property(LatestEpisode.4.EpisodeTitle),ListItem.Title) | String.IsEqual(Window(Home).Property(LatestEpisode.5.EpisodeTitle),ListItem.Title) | String.IsEqual(Window(Home).Property(LatestEpisode.6.EpisodeTitle),ListItem.Title) | String.IsEqual(Window(Home).Property(LatestEpisode.7.EpisodeTitle),ListItem.Title) | String.IsEqual(Window(Home).Property(LatestEpisode.8.EpisodeTitle),ListItem.Title) | String.IsEqual(Window(Home).Property(LatestEpisode.9.EpisodeTitle),ListItem.Title) | String.IsEqual(Window(Home).Property(LatestEpisode.10.EpisodeTitle),ListItem.Title)]]]]">indicator/new.png</value>
        <value condition="String.IsEqual(ListItem.Overlay,OverlayUnwatched.png) + !ListItem.IsParentFolder">indicator/unwatched.png</value>
    </variable>
</includes>