<?xml version="1.0" encoding="UTF-8"?>
<includes>
    <include name="Object_HomeWidgetPoster">
        <control type="group">
            <width>220</width>
            <height>320</height>
            <visible>!String.IsEmpty(Container(9001).ListItem($PARAM[id]).Art(tvshow.poster))</visible>
            <control type="image">
                <centerleft>50%</centerleft>
                <width>220</width>
                <bottom>0</bottom>
                <top>0</top>
                <bordertexture colordiffuse="$VAR[HighlightColor]">common/white.png</bordertexture>
                <bordersize>10</bordersize>
                <aspectratio>keep</aspectratio>
                <texture fallback="DefaultWidgetVideo.png">$INFO[Container(9001).ListItem($PARAM[id]).Art(tvshow.poster)]</texture>
                <visible>[Control.HasFocus(9001) | Control.HasFocus(9101)]</visible>
                <visible>$PARAM[focuseditem]</visible>
            </control>
            <control type="image">
                <centerleft>50%</centerleft>
                <top>pad</top>
                <bottom>pad</bottom>
                <width>200</width>
                <aspectratio>keep</aspectratio>
                <texture fallback="DefaultWidgetVideo.png">$INFO[Container(9001).ListItem($PARAM[id]).Art(tvshow.poster)]</texture>
                <visible>!$PARAM[focuseditem] | ![Control.HasFocus(9001) | Control.HasFocus(9101)]</visible>
            </control>
        </control>
        <control type="group">
            <width>220</width>
            <height>320</height>
            <visible>!String.IsEmpty(Container(9001).ListItem($PARAM[id]).Art(poster)) + String.IsEmpty(Container(9001).ListItem($PARAM[id]).Art(tvshow.poster))</visible>
            <control type="image">
                <centerleft>50%</centerleft>
                <width>220</width>
                <bottom>0</bottom>
                <top>0</top>
                <bordertexture colordiffuse="$VAR[HighlightColor]">common/white.png</bordertexture>
                <bordersize>10</bordersize>
                <aspectratio>keep</aspectratio>
                <texture fallback="DefaultWidgetVideo.png">$INFO[Container(9001).ListItem($PARAM[id]).Art(poster)]</texture>
                <visible>[Control.HasFocus(9001) | Control.HasFocus(9101)]</visible>
                <visible>$PARAM[focuseditem]</visible>
            </control>
            <control type="image">
                <centerleft>50%</centerleft>
                <top>pad</top>
                <bottom>pad</bottom>
                <width>200</width>
                <aspectratio>keep</aspectratio>
                <texture fallback="DefaultWidgetVideo.png">$INFO[Container(9001).ListItem($PARAM[id]).Art(poster)]</texture>
                <visible>!$PARAM[focuseditem] | ![Control.HasFocus(9001) | Control.HasFocus(9101)]</visible>
            </control>
        </control>
        <control type="group">
            <width>220</width>
            <height>320</height>
            <visible>String.IsEmpty(Container(9001).ListItem($PARAM[id]).Art(tvshow.poster)) + String.IsEmpty(Container(9001).ListItem($PARAM[id]).Art(poster))</visible>
            <visible>[!String.IsEmpty(Container(9000).ListItem.Property(widget)) + !String.IsEqual(Container(9000).ListItem.Property(widgetTarget),pictures)] | [String.IsEmpty(Container(9000).ListItem.Property(widget)) + !String.IsEqual(Skin.String(home.fallbackwidget.target),pictures)]</visible>
            <control type="image">
                <centerleft>50%</centerleft>
                <width>220</width>
                <bottom>0</bottom>
                <top>0</top>
                <bordertexture colordiffuse="$VAR[HighlightColor]">common/white.png</bordertexture>
                <bordersize>10</bordersize>
                <aspectratio>keep</aspectratio>
                <texture fallback="DefaultWidgetVideo.png">$INFO[Container(9001).ListItem($PARAM[id]).Icon]</texture>
                <visible>[Control.HasFocus(9001) | Control.HasFocus(9101)]</visible>
                <visible>$PARAM[focuseditem]</visible>
            </control>
            <control type="image">
                <centerleft>50%</centerleft>
                <top>pad</top>
                <bottom>pad</bottom>
                <width>200</width>
                <aspectratio>keep</aspectratio>
                <texture fallback="DefaultWidgetVideo.png">$INFO[Container(9001).ListItem($PARAM[id]).Icon]</texture>
                <visible>!$PARAM[focuseditem] | ![Control.HasFocus(9001) | Control.HasFocus(9101)]</visible>
            </control>
        </control>

    </include>
    <include name="Object_HomeTile">
        <control type="image">
            <top>16</top>
            <width>196</width>
            <height>170</height>
            <texture colordiffuse="$PARAM[tilecolor]">common/tile.png</texture>
            <aspectratio>scale</aspectratio>
            <animation effect="fade" start="100" end="25" condition="true">Conditional</animation>
            <visible>String.IsEqual(ListItem.Property(tilecolor),$PARAM[tilecolor])</visible>
            <visible>Skin.HasSetting(home.tilecolor.nofocus) + Skin.HasSetting(home.tilecolor)</visible>
        </control>
    </include>
    <include name="Object_Arrows_Vertical">
        
        <!-- <control type="group">
            <visible>![Window.IsVisible(DialogPVRRecordingInfo.xml) | Window.IsVisible(DialogPVRGuideInfo.xml) | Window.IsVisible(DialogSongInfo.xml) | Window.IsVisible(DialogMusicInfo.xml) | Window.IsVisible(DialogVideoInfo.xml) | Window.IsVisible(DialogAddonInfo.xml) | Window.IsVisible(script-script.extendedinfo-DialogVideoInfo.xml) | Window.IsVisible(script-script.extendedinfo-DialogInfo.xml)]</visible>
            <include>Animation_FadeIn</include>
            <include>Animation_FadeOut</include>
            <control type="image">
                <top>-18</top>
                <centerleft>50%</centerleft>
                <width>16</width>
                <height>16</height>
                <texture flipy="true" colordiffuse="ListLabel">common/16-arrow-down.png</texture>
                <visible>Container.HasPrevious</visible>
            </control>
            <control type="image">
                <bottom>-18</bottom>
                <centerleft>50%</centerleft>
                <width>16</width>
                <height>16</height>
                <texture flipy="false" colordiffuse="ListLabel">common/16-arrow-down.png</texture>
                <visible>Container.HasNext</visible>
            </control>
        </control> -->
    </include>

    <include name="Object_BasicViewList">
        <!-- View by (Hidden) -->
        <control type="button" id="2">
            <include>Defs_OptionButton2</include>
            <visible>false</visible>
        </control>

        <!-- Skin Helper View Mode Selector -->
        <control type="radiobutton" id="9978">
            <label>$INFO[Control.GetLabel(2)]</label>
            <textureradioonfocus colordiffuse="Selected">indicator/lock.png</textureradioonfocus>
            <textureradioonnofocus colordiffuse="ListLabel">indicator/lock.png</textureradioonnofocus>
            <textureradioondisabled colordiffuse="Disabled">indicator/lock.png</textureradioondisabled>
            <textureradioofffocus>noop</textureradioofffocus>
            <textureradiooffnofocus>noop</textureradiooffnofocus>
            <textureradiooffdisabled>noop</textureradiooffdisabled>
            
            <include>Defs_OptionButton2</include>

            <onclick condition="[Container.Content() + !String.IsEmpty(Skin.String(Skin.ForcedView.))]">ActivateWindow(1111)</onclick>
            <onclick condition="[Container.Content(tags) + !String.IsEmpty(Skin.String(Skin.ForcedView.tags))]">ActivateWindow(1111)</onclick>
            <onclick condition="[Container.Content(years) + !String.IsEmpty(Skin.String(Skin.ForcedView.years))]">ActivateWindow(1111)</onclick>
            <onclick condition="[Container.Content(genres) + !String.IsEmpty(Skin.String(Skin.ForcedView.genres))]">ActivateWindow(1111)</onclick>
            <onclick condition="[Container.Content(countries) + !String.IsEmpty(Skin.String(Skin.ForcedView.countries))]">ActivateWindow(1111)</onclick>
            <onclick condition="[Container.Content(studios) + !String.IsEmpty(Skin.String(Skin.ForcedView.studios))]">ActivateWindow(1111)</onclick>
            <onclick condition="[Container.Content(playlists) + !String.IsEmpty(Skin.String(Skin.ForcedView.playlists))]">ActivateWindow(1111)</onclick>
            <onclick condition="[Container.Content(movies) + !String.IsEmpty(Skin.String(Skin.ForcedView.movies))]">ActivateWindow(1111)</onclick>
            <onclick condition="[Container.Content(sets) + !String.IsEmpty(Skin.String(Skin.ForcedView.sets))]">ActivateWindow(1111)</onclick>
            <onclick condition="[Container.Content(tvshows) + !String.IsEmpty(Skin.String(Skin.ForcedView.tvshows))]">ActivateWindow(1111)</onclick>
            <onclick condition="[Container.Content(seasons) + !String.IsEmpty(Skin.String(Skin.ForcedView.seasons))]">ActivateWindow(1111)</onclick>
            <onclick condition="[Container.Content(episodes) + !String.IsEmpty(Skin.String(Skin.ForcedView.episodes))]">ActivateWindow(1111)</onclick>
            <onclick condition="[Container.Content(artists) + !String.IsEmpty(Skin.String(Skin.ForcedView.artists))]">ActivateWindow(1111)</onclick>
            <onclick condition="[Container.Content(albums) + !String.IsEmpty(Skin.String(Skin.ForcedView.albums))]">ActivateWindow(1111)</onclick>
            <onclick condition="[Container.Content(songs) + !String.IsEmpty(Skin.String(Skin.ForcedView.songs))]">ActivateWindow(1111)</onclick>
            <onclick condition="[Container.Content(musicvideos) + !String.IsEmpty(Skin.String(Skin.ForcedView.musicvideos))]">ActivateWindow(1111)</onclick>
            <onclick condition="[Container.Content(addons) + !String.IsEmpty(Skin.String(Skin.ForcedView.addons))]">ActivateWindow(1111)</onclick>
            <onclick condition="[Container.Content(actors) + !String.IsEmpty(Skin.String(Skin.ForcedView.actors))]">ActivateWindow(1111)</onclick>
            <onclick condition="[Container.Content(directors) + !String.IsEmpty(Skin.String(Skin.ForcedView.directors))]">ActivateWindow(1111)</onclick>
            <onclick condition="[Container.Content(files) + !String.IsEmpty(Skin.String(Skin.ForcedView.files))]">ActivateWindow(1111)</onclick>
            <onclick condition="[Container.Content(mixed) + !String.IsEmpty(Skin.String(Skin.ForcedView.mixed))]">ActivateWindow(1111)</onclick>
            <onclick condition="[Container.Content(images) + !String.IsEmpty(Skin.String(Skin.ForcedView.images))]">ActivateWindow(1111)</onclick>
            <onclick condition="[Container.Content(games) + !String.IsEmpty(Skin.String(Skin.ForcedView.games))]">ActivateWindow(1111)</onclick>
            <onclick condition="[Container.Content(unknown) + !String.IsEmpty(Skin.String(Skin.ForcedView.unknown))]">ActivateWindow(1111)</onclick>
            <onclick condition="[Container.Content(videos) + !String.IsEmpty(Skin.String(Skin.ForcedView.videos))]">ActivateWindow(1111)</onclick>

            <onclick condition="[Container.Content() + String.IsEmpty(Skin.String(Skin.ForcedView.))]">ActivateWindow(1110)</onclick>
            <onclick condition="[Container.Content(tags) + String.IsEmpty(Skin.String(Skin.ForcedView.tags))]">ActivateWindow(1110)</onclick>
            <onclick condition="[Container.Content(years) + String.IsEmpty(Skin.String(Skin.ForcedView.years))]">ActivateWindow(1110)</onclick>
            <onclick condition="[Container.Content(genres) + String.IsEmpty(Skin.String(Skin.ForcedView.genres))]">ActivateWindow(1110)</onclick>
            <onclick condition="[Container.Content(countries) + String.IsEmpty(Skin.String(Skin.ForcedView.countries))]">ActivateWindow(1110)</onclick>
            <onclick condition="[Container.Content(studios) + String.IsEmpty(Skin.String(Skin.ForcedView.studios))]">ActivateWindow(1110)</onclick>
            <onclick condition="[Container.Content(playlists) + String.IsEmpty(Skin.String(Skin.ForcedView.playlists))]">ActivateWindow(1110)</onclick>
            <onclick condition="[Container.Content(movies) + String.IsEmpty(Skin.String(Skin.ForcedView.movies))]">ActivateWindow(1110)</onclick>
            <onclick condition="[Container.Content(sets) + String.IsEmpty(Skin.String(Skin.ForcedView.sets))]">ActivateWindow(1110)</onclick>
            <onclick condition="[Container.Content(tvshows) + String.IsEmpty(Skin.String(Skin.ForcedView.tvshows))]">ActivateWindow(1110)</onclick>
            <onclick condition="[Container.Content(seasons) + String.IsEmpty(Skin.String(Skin.ForcedView.seasons))]">ActivateWindow(1110)</onclick>
            <onclick condition="[Container.Content(episodes) + String.IsEmpty(Skin.String(Skin.ForcedView.episodes))]">ActivateWindow(1110)</onclick>
            <onclick condition="[Container.Content(artists) + String.IsEmpty(Skin.String(Skin.ForcedView.artists))]">ActivateWindow(1110)</onclick>
            <onclick condition="[Container.Content(albums) + String.IsEmpty(Skin.String(Skin.ForcedView.albums))]">ActivateWindow(1110)</onclick>
            <onclick condition="[Container.Content(songs) + String.IsEmpty(Skin.String(Skin.ForcedView.songs))]">ActivateWindow(1110)</onclick>
            <onclick condition="[Container.Content(musicvideos) + String.IsEmpty(Skin.String(Skin.ForcedView.musicvideos))]">ActivateWindow(1110)</onclick>
            <onclick condition="[Container.Content(addons) + String.IsEmpty(Skin.String(Skin.ForcedView.addons))]">ActivateWindow(1110)</onclick>
            <onclick condition="[Container.Content(actors) + String.IsEmpty(Skin.String(Skin.ForcedView.actors))]">ActivateWindow(1110)</onclick>
            <onclick condition="[Container.Content(directors) + String.IsEmpty(Skin.String(Skin.ForcedView.directors))]">ActivateWindow(1110)</onclick>
            <onclick condition="[Container.Content(files) + String.IsEmpty(Skin.String(Skin.ForcedView.files))]">ActivateWindow(1110)</onclick>
            <onclick condition="[Container.Content(mixed) + String.IsEmpty(Skin.String(Skin.ForcedView.mixed))]">ActivateWindow(1110)</onclick>
            <onclick condition="[Container.Content(images) + String.IsEmpty(Skin.String(Skin.ForcedView.images))]">ActivateWindow(1110)</onclick>
            <onclick condition="[Container.Content(games) + String.IsEmpty(Skin.String(Skin.ForcedView.games))]">ActivateWindow(1110)</onclick>
            <onclick condition="[Container.Content(unknown) + String.IsEmpty(Skin.String(Skin.ForcedView.unknown))]">ActivateWindow(1110)</onclick>
            <onclick condition="[Container.Content(videos) + String.IsEmpty(Skin.String(Skin.ForcedView.videos))]">ActivateWindow(1110)</onclick>
            
            <selected>[Container.Content() + !String.IsEmpty(Skin.String(Skin.ForcedView.))] | [Container.Content(tags) + !String.IsEmpty(Skin.String(Skin.ForcedView.tags))] | [Container.Content(years) + !String.IsEmpty(Skin.String(Skin.ForcedView.years))] | [Container.Content(genres) + !String.IsEmpty(Skin.String(Skin.ForcedView.genres))] | [Container.Content(countries) + !String.IsEmpty(Skin.String(Skin.ForcedView.countries))] | [Container.Content(studios) + !String.IsEmpty(Skin.String(Skin.ForcedView.studios))] | [Container.Content(playlists) + !String.IsEmpty(Skin.String(Skin.ForcedView.playlists))] | [Container.Content(movies) + !String.IsEmpty(Skin.String(Skin.ForcedView.movies))] | [Container.Content(sets) + !String.IsEmpty(Skin.String(Skin.ForcedView.sets))] | [Container.Content(tvshows) + !String.IsEmpty(Skin.String(Skin.ForcedView.tvshows))] | [Container.Content(seasons) + !String.IsEmpty(Skin.String(Skin.ForcedView.seasons))] | [Container.Content(episodes) + !String.IsEmpty(Skin.String(Skin.ForcedView.episodes))] | [Container.Content(artists) + !String.IsEmpty(Skin.String(Skin.ForcedView.artists))] | [Container.Content(albums) + !String.IsEmpty(Skin.String(Skin.ForcedView.albums))] | [Container.Content(songs) + !String.IsEmpty(Skin.String(Skin.ForcedView.songs))] | [Container.Content(musicvideos) + !String.IsEmpty(Skin.String(Skin.ForcedView.musicvideos))] | [Container.Content(addons) + !String.IsEmpty(Skin.String(Skin.ForcedView.addons))] | [Container.Content(actors) + !String.IsEmpty(Skin.String(Skin.ForcedView.actors))] | [Container.Content(directors) + !String.IsEmpty(Skin.String(Skin.ForcedView.directors))] | [Container.Content(files) + !String.IsEmpty(Skin.String(Skin.ForcedView.files))] | [Container.Content(mixed) + !String.IsEmpty(Skin.String(Skin.ForcedView.mixed))] | [Container.Content(images) + !String.IsEmpty(Skin.String(Skin.ForcedView.images))] | [Container.Content(games) + !String.IsEmpty(Skin.String(Skin.ForcedView.games))] | [Container.Content(unknown) + !String.IsEmpty(Skin.String(Skin.ForcedView.unknown))] | [Container.Content(videos) + !String.IsEmpty(Skin.String(Skin.ForcedView.videos))]</selected>
            <visible>Control.IsEnabled(2)</visible>
        </control>

        <!-- Sort by -->
        <control type="button" id="3">
            <include>Defs_OptionButton2</include>
            <label>103</label>
            <visible>Control.IsEnabled(3)</visible>
        </control>
        
        <!-- Sort ascending/descending -->
        <control type="togglebutton" id="4">
            <include>Defs_OptionButton2</include>
            <label>584</label>
            <altlabel>585</altlabel>
            <usealttexture>Container.SortDirection(Descending)</usealttexture>
            <visible>Control.IsEnabled(3)</visible>
        </control>

        <!-- Fullscreen -->
        <control type="button" id="9099">
            <include>Defs_OptionButton2</include>
            <label>$VAR[Label_FullscreenButton]</label>
            <visible>Player.HasMedia</visible>
            <onclick>Fullscreen</onclick>
            <visible>Control.IsEnabled(9099)</visible>
        </control>
    </include>
    <include name="Object_WeatherOutlook">
        <definition>
            <control type="group">
                <width>200</width>
                <height>340</height>
                <control type="label">
                    <font>Font-ListInfo-Small-Bold</font>
                    <height>90</height>
                    <label>$PARAM[dayname]</label>
                    <centerleft>50%</centerleft>
                    <align>center</align>
                </control>
                <control type="image">
                    <centertop>50%</centertop>
                    <height>200</height>
                    <width>200</width>
                    <aspectratio>keep</aspectratio>
                    <texture>$INFO[Skin.String(weather.icons.path),,/]$INFO[Window(weather).Property($PARAM[day].FanartCode),,.png]</texture>
                    <visible>!String.IsEmpty(Skin.String(weather.icons.path))</visible>
                </control>
                <control type="image">
                    <centertop>50%</centertop>
                    <height>200</height>
                    <width>200</width>
                    <aspectratio>keep</aspectratio>
                    <texture>$INFO[Window(weather).Property($PARAM[day].OutlookIcon)]</texture>
                    <visible>String.IsEmpty(Skin.String(weather.icons.path))</visible>
                </control>
                <control type="label">
                    <font>Font-ListInfo-Small</font>
                    <bottom>0</bottom>
                    <height>90</height>
                    <label>[B]$INFO[Window(weather).Property($PARAM[day].HighTemp)]$INFO[System.TemperatureUnits][/B]  $INFO[Window(weather).Property($PARAM[day].LowTemp)]$INFO[System.TemperatureUnits]</label>
                    <centerleft>50%</centerleft>
                    <align>center</align>
                </control>
            </control>
        </definition>
    </include>
    <include name="Object_Scrollbar">
        <param name="left" default="0" />
        <definition>
            <control type="scrollbar" id="60">
                <onleft condition="!String.IsEqual(Window(home).Property(HubReturn),Home)">ActivateWindow($INFO[Window(home).Property(HubReturn)])</onleft>
                <left>$PARAM[left]</left>
                <height>100%</height>
                <onright>50</onright>
                <width>8</width>
                <orientation>vertical</orientation>
                <animation effect="fade" condition="!Control.HasFocus(60) + !Container.Scrolling" time="200" start="100" end="0">Conditional</animation>
            </control>
        </definition>
    </include>
    <include name="Object_Scrollbar_Horizontal">
        <control type="scrollbar" id="61">
            <ondown condition="!String.IsEqual(Window(home).Property(HubReturn),Home)">ActivateWindow($INFO[Window(home).Property(HubReturn)])</ondown>
            <onup>50</onup>
            <bottom>-20</bottom>
            <orientation>horizontal</orientation>
            <centerleft>50%</centerleft>
            <width>headlinew</width>
            <height>8</height>
            <animation effect="fade" condition="!Control.HasFocus(61) + !Container.Scrolling" time="200" start="100" end="0">Conditional</animation>
        </control>
    </include>
    <include name="Object_Background_Shadows_BorderTexture">
        <bordertexture border="32">common/24-shadow.png</bordertexture>
    </include>
    <include name="Object_Background_Shadows">
        <top>-24</top>
        <bottom>-24</bottom>
        <left>-24</left>
        <right>-24</right>
        <bordertexture border="32">common/24-shadow.png</bordertexture>
        <bordersize>24</bordersize>
    </include>
    <include name="Object_Background">
        <control type="image">
            <texture colordiffuse="Background">common/white.png</texture>
            <animation effect="fade" start="100" end="80" condition="!Skin.HasSetting(background.hidefanart) + String.IsEqual(Skin.String(fanart.opacity),10)">Conditional</animation>
            <animation effect="fade" start="100" end="70" condition="!Skin.HasSetting(background.hidefanart) + String.IsEqual(Skin.String(fanart.opacity),20)">Conditional</animation>
            <animation effect="fade" start="100" end="60" condition="!Skin.HasSetting(background.hidefanart) + String.IsEqual(Skin.String(fanart.opacity),30)">Conditional</animation>
            <animation effect="fade" start="100" end="50" condition="!Skin.HasSetting(background.hidefanart) + String.IsEqual(Skin.String(fanart.opacity),40)">Conditional</animation>
            <animation effect="fade" start="100" end="40" condition="!Skin.HasSetting(background.hidefanart) + String.IsEqual(Skin.String(fanart.opacity),50)">Conditional</animation>
            <animation effect="fade" start="100" end="30" condition="!Skin.HasSetting(background.hidefanart) + String.IsEqual(Skin.String(fanart.opacity),60)">Conditional</animation>
            <animation effect="fade" start="100" end="20" condition="!Skin.HasSetting(background.hidefanart) + String.IsEqual(Skin.String(fanart.opacity),70)">Conditional</animation>
            <animation effect="fade" start="100" end="10" condition="!Skin.HasSetting(background.hidefanart) + String.IsEqual(Skin.String(fanart.opacity),80)">Conditional</animation>
            <visible>!Skin.HasSetting(background.hidefanart) + Integer.IsLess(Skin.String(fanart.opacity),90) + !String.IsEmpty(Skin.String(fanart.opacity))</visible>
        </control>
        <control type="image">
            <include condition="!Skin.HasSetting(global.hideobjectshadows) + !String.IsEqual(Skin.CurrentColourTheme,Light)">Object_Background_Shadows</include>
            <texture colordiffuse="ObjectBackground">common/white.png</texture>
        </control>
    </include>
    <include name="Object_FlatBackground">
        <control type="image">
            <include condition="Skin.HasSetting(global.showdialogshadows) + !String.IsEqual(Skin.CurrentColourTheme,Light)">Object_Background_Shadows</include>
            <texture colordiffuse="PosterBorder">common/white.png</texture>
        </control>
    </include>
    <!-- Poster -->
    <include name="Object_RightSide"><right>0</right></include>
    <include name="Object_LeftSide"><left>0</left></include>
    <include name="Object_Poster">
        <param name="flipx" default="true" />
        <definition>
            <control type="group">
                <include condition="$PARAM[flipx]">Object_RightSide</include>
                <include condition="!$PARAM[flipx]">Object_LeftSide</include>
                <width>$PARAM[width]</width>
                <height>posterh</height>
                <include>Object_Background</include>
                <control type="image">
                    <centerleft>50%</centerleft>
                    <centertop>50%</centertop>
                    <width>50%</width>
                    <height>50%</height>
                    <aspectratio>keep</aspectratio>
                    <fadetime>200</fadetime>
                    <texture background="true">$VAR[Image_Poster]</texture>
                    <visible>Window.IsVisible(MyVideoNav.xml) + Container.Content(genres) + System.HasAddon(resource.images.moviegenreicons.transparent)</visible>
                </control>
                <control type="group">
                    <visible>!Window.IsVisible(MyVideoNav.xml) | !Container.Content(genres) | !System.HasAddon(resource.images.moviegenreicons.transparent)</visible>
                    <control type="image">
                        <width>100%</width>
                        <height>100%</height>
                        <aspectratio>center</aspectratio>
                        <fadetime>200</fadetime>
                        <texture background="true">$INFO[ListItem.Icon]</texture>
                        <visible>String.StartsWith(ListItem.Icon,Default)</visible>
                        <visible>String.IsEmpty(ListItem.Art(tvshow.poster)) + String.IsEmpty(ListItem.Art(poster))</visible>
                    </control>
                    <control type="image">
                        <width>100%</width>
                        <height>100%</height>
                        <aspectratio>keep</aspectratio>
                        <fadetime>200</fadetime>
                        <texture background="true">$VAR[Image_Poster]</texture>
                        <visible>!String.StartsWith(ListItem.Icon,Default)</visible>
                        <visible>String.IsEmpty(ListItem.Art(tvshow.poster)) + String.IsEmpty(ListItem.Art(poster))</visible>
                    </control>
                    <control type="image">
                        <width>100%</width>
                        <height>100%</height>
                        <aspectratio>stretch</aspectratio>
                        <fadetime>200</fadetime>
                        <texture background="true">$VAR[Image_Poster]</texture>
                        <visible>![String.IsEmpty(ListItem.Art(tvshow.poster)) + String.IsEmpty(ListItem.Art(poster))]</visible>
                    </control>
                </control>
            </control>
        </definition>
    </include>

    <!-- Thumb Info -->
    <include name="Object_ExtraInfo_Textbox">
        <control type="group">
            <width>100%</width>
            <top>425</top>
            <include>Object_Background</include>
            <control type="grouplist">
                <usecontrolcoords>true</usecontrolcoords>
                <itemgap>15</itemgap>
                <orientation>vertical</orientation>
                <left>pad</left>
                <right>pad</right>
                <top>pad</top>
                <bottom>pad</bottom>
                <include>Object_ExtraInfo_Content</include>
            </control>
        </control>
    </include>
    <include name="Object_ExtraInfo">
        <definition>
            <control type="group">
                <right>0</right>
                <width>720</width>
                <height>posterh</height>
                <control type="group">
                    <width>100%</width>
                    <height>405</height>
                    <include>Object_Background</include>
                    <control type="image">
                        <texture colordiffuse="FF000000">common/white.png</texture>
                    </control>
                    <control type="image">
                        <aspectratio>keep</aspectratio>
                        <fadetime>200</fadetime>
                        <texture background="true">$VAR[Image_Thumb]</texture>
                    </control>
                </control>
                <include>Object_ExtraInfo_Textbox</include>
            </control>
        </definition>
    </include>

    <include name="Object_ExtraInfo2">
        <definition>
            <control type="group">
                <right>0</right>
                <width>1010</width>
                <height>posterh</height>
                <control type="group">
                    <right>0</right>
                    <width>720</width>
                    <height>405</height>
                    <include>Object_Background</include>
                    <control type="image">
                        <texture colordiffuse="FF000000">common/white.png</texture>
                    </control>
                    <control type="image">
                        <aspectratio>keep</aspectratio>
                        <fadetime>200</fadetime>
                        <texture background="true">$VAR[Image_Thumb]</texture>
                    </control>
                </control>
                <control type="group">
                    <right>740</right>
                    <width>270</width>
                    <height>405</height>
                    <include>Object_Background</include>
                    <control type="image">
                        <aspectratio>scale</aspectratio>
                        <fadetime>200</fadetime>
                        <texture background="true">$VAR[Image_Poster]</texture>
                    </control>
                </control>
                <include>Object_ExtraInfo_Textbox</include>
            </control>
        </definition>
    </include>

    <include name="Object_ExtraInfo_Content">
        <control type="label">
            <top>pad</top>
            <left>pad</left>
            <right>pad</right>
            <height>36</height>
            <font>Font-InfoBox-Title</font>
            <label>$VAR[Label_Title]</label>
        </control>
        <control type="label">
            <left>pad</left>
            <right>pad</right>
            <height>24</height>
            <textcolor>$VAR[HighlightColor2]</textcolor>
            <font>Font-ListInfo-Small-Bold</font>
            <label>$VAR[Label_GenreLine,[UPPERCASE],[/UPPERCASE]]</label>
        </control>
        <control type="textbox">
            <left>pad</left>
            <right>pad</right>
            <height>158</height>
            <font>Font-ListInfo</font>
            <align>left</align>
            <label fallback="31092">$VAR[Label_Plot]</label>
            <visible>Skin.HasSetting(furniture.showflags) + Skin.HasSetting(furniture.flags.extradetail)</visible>
        </control>
        <control type="textbox">
            <left>pad</left>
            <right>pad</right>
            <height>120</height>
            <font>Font-ListInfo</font>
            <align>left</align>
            <label fallback="31092">$VAR[Label_Plot]</label>
            <visible>!Skin.HasSetting(furniture.showflags) | !Skin.HasSetting(furniture.flags.extradetail)</visible>
        </control>
        <control type="label">
            <left>pad</left>
            <right>pad</right>
            <height>20</height>
            <align>right</align>
            <font>Font-ListInfo-Small-Bold</font>
            <visible>!Skin.HasSetting(furniture.showflags) | !Skin.HasSetting(furniture.flags.extradetail)</visible>
            <label fallback="31203">$VAR[Label_ExtraInfo_Icons]</label>
        </control>
    </include>

    <include name="Object_BigFanart">
        <param name="fadetime" default="200" />
        <definition>
            <control type="group">
                <top>0</top>
                <right>0</right>
                <height>posterh</height>
                <width>1280</width>
                <include>Object_Background</include>
                <control type="image">
                    <texture colordiffuse="FF000000">common/white.png</texture>
                </control>
                <control type="image">
                    <fadetime>$PARAM[fadetime]</fadetime>
                    <aspectratio>keep</aspectratio>
                    <texture background="true">$VAR[Image_Thumb]</texture>
                </control>
                <control type="image">
                    <right>bigpad</right>
                    <top>bigpad</top>
                    <height>32</height>
                    <width>32</width>
                    <texture colordiffuse="ListLabel">$VAR[Image_Indicator]</texture>
                    <visible>!String.IsEmpty(ListItem.Overlay)</visible>
                </control>
                <control type="group">
                    <left>0</left>
                    <right>0</right>
                    <bottom>0</bottom>
                    <height>216</height>
                    <control type="image">
                        <texture colordiffuse="ListBG">common/white.png</texture>
                    </control>
                    <control type="grouplist">
                        <usecontrolcoords>true</usecontrolcoords>
                        <itemgap>15</itemgap>
                        <orientation>vertical</orientation>
                        <left>bigpad</left>
                        <right>bigpad</right>
                        <top>14</top>
                        <control type="label">
                            <top>pad</top>
                            <left>pad</left>
                            <right>pad</right>
                            <height>36</height>
                            <font>Font-InfoBox-Title</font>
                            <label>$VAR[Label_Title]</label>
                        </control>
                        <control type="label">
                            <top>-36</top>
                            <left>pad</left>
                            <right>pad</right>
                            <height>20</height>
                            <align>right</align>
                            <font>Font-ListInfo-Small-Bold</font>
                            <label>$VAR[Label_ExtraInfo_Icons]</label>
                            <visible>!Skin.HasSetting(furniture.showflags) | !Skin.HasSetting(furniture.flags.extradetail)</visible>
                        </control>
                        <control type="label">
                            <left>pad</left>
                            <right>pad</right>
                            <height>24</height>
                            <textcolor>$VAR[HighlightColor2]</textcolor>
                            <font>Font-ListInfo-Small-Bold</font>
                            <label>$VAR[Label_GenreLine,[UPPERCASE],[/UPPERCASE]]</label>
                        </control>
                        <control type="textbox">
                            <left>pad</left>
                            <right>pad</right>
                            <height>84</height>
                            <font>Font-ListInfo</font>
                            <align>left</align>
                            <label>$VAR[Label_Plot]</label>
                        </control>

                    </control>
                </control>
            </control>
        </definition>
    </include>

    <!-- Line -->
    <include name="Object_Line">
        <control type="grouplist">
            <visible>!Skin.HasSetting(furniture.hidesortinfo)</visible>
            <orientation>horizontal</orientation>
            <top>-45</top>
            <height>48</height>
            <width>$PARAM[width]</width>
            <usecontrolcoords>true</usecontrolcoords>
            <control type="label">
                <left>0</left>
                <height>100%</height>
                <width max="$PARAM[width]">auto</width>
                <label fallback="19033">$PARAM[label]</label>
                <font>Font-LineLabel</font>
                <textcolor>LineLabel</textcolor>
            </control>
            <control type="image">
                <bottom>21</bottom>
                <width max="$PARAM[width]">auto</width>
                <height>2</height>
                <texture colordiffuse="PosterBorder">common/white.png</texture>
            </control>
        </control>
    </include>
    <include name="Object_Headline">
        <control type="group">
            <left>bigpad</left>
            <right>bigpad</right>
            <top>bigpad</top>
            <include content="Object_Line">
                <param name="label" value="$PARAM[label]" />
                <param name="width" value="headlinew" />
            </include>
        </control>
    </include>

    <include name="Object_NextAired_List">
        <control type="group">
            <width>270</width>
            <control type="label">
                <height>48</height>
                <left>pad</left>
                <right>bigpad</right>
                <align>center</align>
                <font>Font-OSD</font>
                <label>$INFO[Window(home).Property(NextAired.$PARAM[id].Weekday)]$INFO[Window(home).Property(NextAired.$PARAM[id].Date), - ,]</label>
            </control>
            <control type="panel" id="$PARAM[id]">
                <width>233</width>
                <centerleft>50%</centerleft>
                <top>48</top>
                <height>700</height>
                <onup>$PARAM[id]</onup>
                <ondown>$PARAM[id]</ondown>
                <onleft>$PARAM[onleft]</onleft>
                <onright>$PARAM[onright]</onright>
                <preloaditems>2</preloaditems>
                <orientation>vertical</orientation>
                <viewtype label="20445">fanart</viewtype>
                <scrolltime tween="quadratic">400</scrolltime>
                <itemlayout height="350" width="233">
                    <control type="group">
                        <left>0</left>
                        <right>0</right>
                        <bottom>pad</bottom>
                        <control type="image">
                            <width>100%</width>
                            <height>100%</height>
                            <texture colordiffuse="PosterBorder">common/white.png</texture>
                        </control>
                        <control type="image">
                            <left>pad</left>
                            <right>pad</right>
                            <top>pad</top>
                            <bottom>pad</bottom>
                            <aspectratio>scale</aspectratio>
                            <texture background="true">$VAR[Image_Thumb]</texture>
                        </control>
                        <control type="image">
                            <left>pad</left>
                            <right>pad</right>
                            <bottom>pad</bottom>
                            <height>48</height>
                            <texture flipy="true" colordiffuse="9f000000">common/white.png</texture>
                        </control>
                        <control type="label">
                            <left>bigpad</left>
                            <right>bigpad</right>
                            <bottom>pad</bottom>
                            <height>48</height>
                            <font>Font-OSD</font>
                            <label>$INFO[ListItem.Property(NextNumber),[B],[/B]]</label>
                        </control>
                        <control type="label">
                            <left>bigpad</left>
                            <right>bigpad</right>
                            <bottom>pad</bottom>
                            <height>48</height>
                            <align>right</align>
                            <font>Font-OSD</font>
                            <label>$INFO[ListItem.Property(ShortTime)]</label>
                        </control>
                    </control>
                </itemlayout>

                <focusedlayout height="350" width="233">
                    <control type="group">
                        <left>0</left>
                        <right>0</right>
                        <bottom>pad</bottom>
                        <control type="image">
                            <width>100%</width>
                            <height>100%</height>
                            <texture colordiffuse="$VAR[HighlightColor]">common/white.png</texture>
                        </control>
                        <control type="image">
                            <left>pad</left>
                            <right>pad</right>
                            <top>pad</top>
                            <bottom>pad</bottom>
                            <aspectratio>scale</aspectratio>
                            <texture background="true">$VAR[Image_Thumb]</texture>
                        </control>
                        <control type="image">
                            <left>pad</left>
                            <right>pad</right>
                            <bottom>pad</bottom>
                            <height>48</height>
                            <texture flipy="true" colordiffuse="9f000000">common/white.png</texture>
                        </control>
                        <control type="label">
                            <left>bigpad</left>
                            <right>bigpad</right>
                            <bottom>pad</bottom>
                            <height>48</height>
                            <font>Font-OSD</font>
                            <label>$INFO[ListItem.Property(NextNumber),[B],[/B]]</label>
                        </control>
                        <control type="label">
                            <left>bigpad</left>
                            <right>bigpad</right>
                            <bottom>pad</bottom>
                            <height>48</height>
                            <align>right</align>
                            <font>Font-OSD</font>
                            <label>$INFO[ListItem.Property(ShortTime)]</label>
                        </control>
                    </control>
                </focusedlayout>
            </control>
        </control>
    </include>

</includes>