<?xml version="1.0" encoding="UTF-8"?>
<window>
    <backgroundcolor>Background</backgroundcolor>
    <menucontrol>9000</menucontrol>
    <defaultcontrol always="true">50</defaultcontrol>
    <views>50,550,51,53,553,54,58,535,500,59,56,552</views>
    <onunload>SetProperty(NodeReturn,music,home)</onunload>
    <onunload>SetProperty(HubReturn,$INFO[Container.FolderPath],home)</onunload>
    <controls>
        <!-- Background -->
        <include>Furniture_Background</include>
        <include>Furniture_RSS</include>
        <include>Furniture_TopBar</include>


        <!-- Main group -->
        <control type="group">
            <include>Defs_ViewBackground</include>
            <include content="Object_Headline">
                <param name="label" value="$VAR[Label_SortLine]" />
            </include>
            <include condition="!Skin.HasSetting(SkinHelper.View.Disabled.550)">Viewtype_List</include>
            <include>Viewtype_SquareList</include>
            <include>Viewtype_PlainList</include>
            <include condition="!Skin.HasSetting(SkinHelper.View.Disabled.51)">Viewtype_MediaInfo</include>
            <include condition="!Skin.HasSetting(SkinHelper.View.Disabled.53)">Viewtype_InfoList</include>
            <include condition="!Skin.HasSetting(SkinHelper.View.Disabled.553)">Viewtype_InfoList2</include>
            <include condition="!Skin.HasSetting(SkinHelper.View.Disabled.54)">Viewtype_FanartList</include>
            <include condition="!Skin.HasSetting(SkinHelper.View.Disabled.500)">Viewtype_Icon</include>
            <include condition="!Skin.HasSetting(SkinHelper.View.Disabled.59)">Viewtype_IconExtra</include>
            <include condition="!Skin.HasSetting(SkinHelper.View.Disabled.56)">Viewtype_IconFanart</include>
            <include condition="!Skin.HasSetting(SkinHelper.View.Disabled.58)">Viewtype_Lovefilm</include>
            <include condition="!Skin.HasSetting(SkinHelper.View.Disabled.535)">Viewtype_ShowCase</include>
        </control>

        <!-- Menu -->
        <control type="group">
            <visible allowhiddenfocus="true">ControlGroup(9000).HasFocus()</visible>
            <include>Dialog_Top</include>
            <include>Dialog_Background</include>
            <include content="Dialog_Top_IconHeader">
                <param name="label" value="$LOCALIZE[31068]" />
                <param name="icon" value="special://skin/extras/icons/settings.png" />
            </include>
            <include content="Dialog_Top_Arrows">
                <param name="id" value="9000" />
            </include>

            <control type="grouplist" id="9000">
                <include>Dialog_Top_GroupList</include>
                <defaultcontrol always="true">3</defaultcontrol>
                <include>Object_BasicViewList</include>
                <!-- Now Playing -->
                <control type="button" id="9003">
                    <include>Defs_OptionButton2</include>
                    <label>13350</label>
                    <onclick>ActivateWindow(MusicPlaylist)</onclick>
                    <visible>Integer.IsGreater(Playlist.Length(music),0)</visible>
                </control>
                <!-- Party Mode -->
                <control type="radiobutton" id="16">
                    <include>Defs_OptionButton2</include>
                    <label>589</label>
                    <visible>Control.IsEnabled(16)</visible>
                </control>
                <!-- Update -->
                <control type="button" id="20">
                    <label>653</label>
                    <include>Defs_OptionButton2</include>
                    <onclick>SetFocus(50)</onclick>
                </control>
            </control>

        </control>

        <include>Furniture_OverlayInfo</include>
    </controls>

</window>