<?xml version="1.0" encoding="UTF-8"?>
<addon id="plugin.video.chefkoch_de" name="Chefkoch.de" version="2.0.9" provider-name="L0RE">
    <requires>
        <import addon="xbmc.python" version="2.1.0"/>
    </requires>
    <extension point="xbmc.python.pluginsource" library="default.py">
        <provides>video</provides>
    </extension>
    <extension point="xbmc.addon.metadata">
        <platform>all</platform>
        <summary lang="en">Cooking videos</summary>
        <summary lang="de">Video Kochrezepte</summary>
        <language>de</language>
        <description lang="en">Cooking videos</description>
        <description lang="de">Video Kochrezepte</description>
        <website>http://www.chefkoch.de</website>
        <source>https://github.com/kodinerds/repo/tree/master/addons/plugin.video.chefkoch_de</source>
        <forum>http://forum.xbmc.org/showthread.php?tid=132563</forum>
        <email>andreas at vogler dot name</email>
    </extension>
</addon>
