<views>
    <!-- <view id="List" value="50" languageid="535" type="artists,albums,songs,addons,genres,images,videos"/> -->
    <view id="Poster List" value="550" languageid="535" type="movies,sets,tvshows,seasons,episodes,actors" />
    <!-- <view id="Plain List" value="552" languageid="31215" type="all" /> -->
    <view id="Media Info" value="51" languageid="544" type="seasons,movies,tvshows,episodes,sets,artists,songs,videos" />
    <view id="Media Info 2" value="57" languageid="31143" type="seasons,movies,tvshows,episodes,sets" />
    <view id="Info List" value="53" languageid="31192" type="seasons,sets,episodes,tvshows,movies,artists,albums,songs,videos" />
    <view id="Info List 2" value="553" languageid="31220" type="sets,tvshows,movies,episodes,artists,videos" />
    <view id="Fanart List" value="54" languageid="31164" type="seasons,movies,tvshows,episodes,sets,artists,videos" />
    <view id="Lovefilm" value="58" languageid="31163" type="movies,episodes,tvshows,seasons,sets,artists,videos" />
    <view id="Big Icon" value="52" languageid="538" type="musicvideos,movies,tvshows,sets,seasons" />
    <view id="Medium Icon" value="525" languageid="31230" type="musicvideos,movies,tvshows,sets,seasons" />
    <view id="Showcase" value="535" languageid="31199" type="movies,tvshows,seasons,sets,musicvideos,albums,artists" />
    <view id="Icon" value="500" languageid="536" type="genres,years,tags,studios,countries,directors,actors,files,addons,artists,albums,sets,movies,tvshows,seasons,images" />
    <view id="Icon Extra" value="59" languageid="31141" type="seasons,sets,tvshows,movies,albums,addons,artists" />
    <view id="Icon Wide" value="55" languageid="539" type="seasons,sets,tvshows,movies" />
    <view id="Icon Fanart" value="56" languageid="20445" type="sets,tvshows,movies,episodes,artists,videos" />
</views>